{
    "rmse": 0.7732596420960041,
    "mae": 0.6094444883744626,
    "r2": 0.1820383681320401
}