{
    "rmse": 0.7534585084172465,
    "mae": 0.5932469219530072,
    "r2": 0.2233936674984075
}